<?xml version="1.0" encoding="utf-8"?>
<packageinfo docVersion="0.5.0"
xmlns="http://www.hikvision.com/compomentModel/0.5.0/packageinfo" 
xmlns:xsi="http://www.w3.org/2001/XMLSchema-instance" 
xsi:schemaLocation="http://www.hikvision.com/compomentModel/0.5.0/packageinfo ../../../../schema/0.5.0/packageinfo.xsd">
  <!--
  说明见资源包描述
  -->
  <package type="languagePack" id="demo_language" version="1.0.0" />
  <!--
  major+warn 表示最佳匹配版本, 语言包能够较好适配低版本组件, 也能用于高版本组件, 但可能出现部分翻译缺失
  -->
  <params>
    <param id="displayName.zh_CN" value="演示组件东亚语言包" />
    <param id="displayName.en_US" value="East Asian languages package for demo" />
    <param id="component.id" value="demo" />
    <param id="component.compatibility.major.version" value="1.0.0" />
    <param id="component.compatibility.major.action" value="warn" />
    <param id="languages" value="zh_TW,zh_HK,ja,ko" />
    <param id="unpack.dir" value="./language" />
  </params>
</packageinfo>
